set_names,set_codes,total_cards,release_date
2-Player Starter Deck: Yuya & Declan,YS15,42,2015-05-28
2013 Collectible Tins Wave 1,CT10,9,2013-08-30
2013 Collectible Tins Wave 2,CT10,9,2013-11-22
2014 Mega-Tin Mega Pack,MP14,247,2014-08-28
2014 Mega-Tins,CT11,6,2014-08-28
2015 Mega-Tin Mega Pack,MP15,247,2015-09-17
2015 Mega-Tins,CT12,6,2015-09-17
2016 Mega-Tin Mega Pack,MP16,239,2016-09-01
2016 Mega-Tins,CT13,12,2016-09-01
2017 Mega-Tin Mega Pack,MP17,239,2017-08-24
2017 Mega-Tins,CT14,8,2017-08-24
2018 Mega-Tin Mega Pack,MP18,233,2018-08-30
2018 Mega-Tins,CT15,10,2018-08-30
2019 Gold Sarcophagus Tin,TN19,14,2019-08-29
2019 Gold Sarcophagus Tin Mega Pack,MP19,270,2019-08-29
2020 Tin of Lost Memories,MP20,6,2020-08-27
2020 Tin of Lost Memories Mega Pack,MP20,246,2020-08-27
2021 Tin of Ancient Battles,MP21,258,2021-09-30
Absolute Powerforce,ABPF,100,2010-02-12
Absolute Powerforce Sneak Peek Participation Card,ABPF,1,2010-02-06
Absolute Powerforce: Special Edition,ABPF,2,2010-03-26
Abyss Rising,ABYR,100,2012-11-09
Abyss Rising Sneak Peek Participation Card,ABYR,1,2012-11-03
Abyss Rising: Special Edition,ABYR,2,2012-12-05
Advanced Demo Deck Extra Pack,DEM4,10,2018-01-06
Ancient Guardians,ANGU,60,2021-04-29
Ancient Prophecy,ANPR,100,2009-09-01
Ancient Prophecy Sneak Peek Participation Card,ANPR,1,2009-08-15
Ancient Prophecy: Special Edition,ANPR,2,2009-10-09
Ancient Sanctuary,AST,112,2004-06-01
Anniversary Pack,YAP1,8,2008-12-08
Astral Pack Eight,AP08,27,2015-10-23
Astral Pack Five,AP05,26,2014-07-25
Astral Pack Four,AP04,26,2014-02-07
Astral Pack One,AP01,25,2012-11-23
Astral Pack Seven,AP07,27,2015-06-04
Astral Pack Six,AP06,28,2014-12-05
Astral Pack Three,AP03,26,2013-09-13
Astral Pack Two,AP02,25,2013-04-19
Battle of Chaos,BACH,88,2022-02-10
Battle Pack 2: War of the Giants,BP02,215,2013-06-28
Battle Pack 3: Monster League,BP03,237,2014-07-31
Battle Pack Tournament Prize Cards,BATT,20,2012-05-29
Battle Pack: Epic Dawn,BP01,220,2012-05-24
Battles of Legend: Armageddon,BLAR,94,2020-07-24
Battles of Legend: Hero's Revenge,BLHR,94,2019-06-11
Battles of Legend: Light's Revenge,BLLR,80,2017-07-06
Battles of Legend: Relentless Revenge,BLRR,105,2018-06-28
Blazing Vortex,BLVO,101,2021-02-04
Blazing Vortex Premiere! promotional card,BLVO,1,2021-01-30
Blue-Eyes Alternative White Dragon Sweepstakes,SBPR,1,2021-11-07
Booster Pack Collectors Tins 2002,BPT,6,2002-10-04
Breakers of Shadow,BOSH,100,2016-01-14
Breakers of Shadow Sneak Peek Participation Card,BOSH,1,2016-01-09
Breakers of Shadow: Special Edition,BOSH,4,2016-02-25
Brothers of Legend,BROL,95,2021-12-02
Burst of Destiny,BODE,101,2021-11-04
Champion Pack: Game Eight,CP08,20,2009-01-05
Champion Pack: Game Five,CP05,20,2008-01-08
Champion Pack: Game Four,CP04,20,2007-09-06
Champion Pack: Game One,CP01,20,2006-11-11
Champion Pack: Game Seven,CP07,20,2008-09-01
Champion Pack: Game Six,CP06,20,2008-05-12
Champion Pack: Game Three,CP03,20,2007-05-15
Champion Pack: Game Two,CP02,20,2007-02-06
Chaos Impact,CHIM,100,2019-10-24
Chaos Impact Sneak Peek Participation Card,CHIM,1,2019-10-19
Chaos Impact Special Edition,CHIM,4,2019-12-05
Circuit Break,CIBR,100,2017-10-19
Circuit Break Sneak Peek Participation Card,CIBR,1,2017-10-14
Circuit Break Special Edition,CIBR,4,2017-12-07
Clash of Rebellions,CORE,100,2015-08-06
Clash of Rebellions Sneak Peek Participation Card,CORE,1,2015-08-01
Clash of Rebellions: Special Edition,CORE,4,2015-12-11
Code of the Duelist,COTD,100,2017-08-03
Code of the Duelist Sneak Peek Participation Card,COTD,1,2017-07-29
Code of the Duelist Special Edition,COTD,4,2017-09-21
Collectible Tins 2003,BPT,6,2003-09-01
Collectible Tins 2004,CT1,6,2004-09-01
Collectible Tins 2005,CT2,6,2005-09-01
Collectible Tins 2006 Wave 1,CT03,3,2006-09-11
Collectible Tins 2006 Wave 2,CT03,3,2006-11-01
Collectible Tins 2007 Wave 1,CT04,3,2007-08-29
Collectible Tins 2007 Wave 2,CT04,3,2007-11-15
Collectible Tins 2008 Wave 1,CT05,2,2008-08-18
Collectible Tins 2008 Wave 2,CT05,2,2008-11-03
Collectible Tins 2009 Wave 1,CT06,2,2009-08-18
Collectible Tins 2009 Wave 2,CT06,2,2009-11-03
Collectible Tins 2010 Wave 1,CT07,15,2010-08-31
Collectible Tins 2010 Wave 2,CT07,10,2010-11-02
Collectible Tins 2011 Wave 1,CT08,9,2011-08-25
Collectible Tins 2011 Wave 2,CT08,9,2011-11-01
Collectible Tins 2012 Wave 1,CT09,9,2012-08-10
Collectible Tins 2012 Wave 2,CT09,9,2012-10-26
Collectible Tins 2012 Wave 2.5,CT09,5,2013-01-18
Collectible Tins Exclusive 2008,CT05,3,2008-09-23
Collectible Tins Exclusive 2009,CT06,4,2009-09-22
Cosmo Blazer,CBLZ,100,2013-01-25
Cosmo Blazer Sneak Peek Participation Card,CBLZ,1,2013-01-19
Cosmo Blazer: Special Edition,CBLZ,2,2013-03-21
Crimson Crisis,CRMS,100,2009-03-03
Crimson Crisis Sneak Peek Participation Card,CRMS,1,2009-02-28
Crimson Crisis: Special Edition,CRMS,2,2009-04-07
Crossed Souls,CROS,100,2015-05-14
Crossed Souls Sneak Peek Participation Card,CROS,1,2015-05-09
Crossed Souls: Advance Edition,CROS,4,2015-07-02
Crossroads of Chaos,CSOC,100,2008-11-18
Crossroads of Chaos Sneak Peek Participation Card,CSOC,1,2008-11-01
Crossroads of Chaos: Special Edition,CSOC,2,2008-12-09
Cyber Dragon Revolution Structure Deck,SDCR,38,2014-02-06
Cyberdark Impact,CDIP,60,2006-11-15
Cyberdark Impact Sneak Peek Participation Card,SP02,1,2006-11-04
Cybernetic Horizon,CYHO,100,2018-07-26
Cybernetic Horizon Sneak Peek Participation Card,CYHO,1,2018-07-21
Cybernetic Horizon Special Edition,CYHO,4,2018-09-13
Cybernetic Revolution,CRV,60,2005-08-17
Cybernetic Revolution Sneak Peek Participation Card,SP1,1,2005-08-06
Dark Beginning 1,DB1,250,2004-10-12
Dark Beginning 2,DB2,250,2005-07-27
Dark Crisis,DCR,212,2003-12-01
Dark Legends,DLG1,113,2008-11-21
Dark Legion Starter Deck,YS15,29,2015-05-29
Dark Neostorm,DANE,100,2019-05-02
Dark Neostorm Sneak Peek Participation Card,DANE,1,2019-04-27
Dark Neostorm Special Edition,DANE,4,2019-06-14
Dark Revelation Volume 1,DR1,267,2005-03-19
Dark Revelation Volume 2,DR2,224,2005-10-20
Dark Revelation Volume 3,DR3,240,2006-11-25
Dark Revelation Volume 4,DR04,245,2007-11-14
Dark Saviors,DASA,60,2018-05-24
Dawn of Majesty,DAMA,101,2021-08-12
Dawn of Majesty Premiere! promotional card,DAMA,1,2021-08-07
Demo Deck 2015,DEM2,20,2015-03-30
Demo Deck 2016,DEM3,20,2016-01-14
Demo Pack,DEM1,20,2011-02-12
Destiny Soldiers,DESO,60,2016-11-17
Dimension of Chaos,DOCS,100,2015-11-05
Dimension of Chaos Sneak Peek Participation Card,DOCS,1,2015-10-31
Dimension of Chaos: Special Edition,DOCS,4,2015-12-10
Dinosmasher's Fury Structure Deck,SR04,39,2017-04-13
Dragons Collide Structure Deck,SDDC,40,2012-02-03
Dragons of Legend,DRLG,51,2014-04-25
Dragons of Legend 2,DRL2,45,2015-07-16
Dragons of Legend: The Complete Series,DLCS,149,2020-09-10
Dragons of Legend: Unleashed,DRL3,73,2016-08-18
Dragunity Legion Structure Deck,SDDL,39,2011-03-04
Duel Devastator,DUDE,56,2019-10-11
Duel Disk - Yusei Version,DDY1,1,2009-11-01
Duel Master's Guide promotional cards,DMG,1,2003-10-28
Duel Overload,DUOV,100,2020-03-19
Duel Power,DUPO,106,2019-04-03
Duel Terminal - Preview Wave 1,DTP1,20,2008-08-04
Duel Terminal - Preview Wave 2,DTP1,18,2009-06-20
Duel Terminal 1,DT01,100,2010-01-29
Duel Terminal 2,DT02,100,2010-05-25
Duel Terminal 3,DT03,100,2010-09-25
Duel Terminal 4,DT04,99,2011-01-25
Duel Terminal 5a,DT05,50,2011-05-29
Duel Terminal 5b,DT05,50,2011-09-29
Duel Terminal 6a,DT06,50,2012-02-03
Duel Terminal 6b,DT06,50,2012-05-25
Duel Terminal 7a,DT07,52,2012-09-28
Duel Terminal 7b,DT07,48,2013-02-01
Duelist Alliance,DUEA,100,2014-08-14
Duelist Alliance Sneak Peek Participation Card,DUEA,1,2014-08-09
Duelist Alliance: Deluxe Edition,DUEA,7,2014-09-11
Duelist League 13 participation cards,DL13,20,2011-12-01
Duelist League 14 participation cards,DL14,20,2012-06-01
Duelist League 15 participation cards,DL15,20,2012-12-15
Duelist League 16 participation cards,DL16,20,2013-07-01
Duelist League 17 participation cards,DL17,20,2013-12-13
Duelist League 18 participation cards,DL18,20,2014-06-27
Duelist League 2 participation cards,DL11,21,2010-12-01
Duelist League 2010 participation cards,DL09,20,2009-08-15
Duelist League 3 participation cards,DL12,19,2011-06-01
Duelist League Demo 2010,DLDI,5,2009-08-01
Duelist League Series 1 participation cards,DL1,4,2009-08-01
Duelist League Series 10 participation card,DL10,1,2006-04-28
Duelist League Series 2 participation cards,DL2,4,2006-04-28
Duelist League Series 3 participation card,DL3,1,2006-04-28
Duelist League Series 4 participation card,DL4,1,2006-04-28
Duelist League Series 5 participation card,DL5,1,2006-04-28
Duelist League Series 6 participation card,DL6,1,2004-12-01
Duelist League Series 7 participation card,DL7,1,2005-04-01
Duelist League Series 8 participation card,DL8,1,2005-06-30
Duelist League Series 9 participation card,DL9,1,2006-01-03
Duelist Pack Collection Tin 2008,DPCT,1,2008-03-11
Duelist Pack Collection Tin 2009,RGBT,7,2009-03-10
Duelist Pack Collection Tin 2010,DPCT,10,2010-03-05
Duelist Pack Collection Tin 2011,DPC5,4,2011-03-31
Duelist Pack Collection Tin: Jaden Yuki,DPCT,1,2008-03-23
Duelist Pack: Aster Phoenix,DP05,30,2007-02-07
Duelist Pack: Battle City,DPBC,47,2015-06-19
Duelist Pack: Chazz Princeton,DP2,30,2006-02-08
Duelist Pack: Crow,DP11,30,2011-05-27
Duelist Pack: Dimensional Guardians,DPDG,45,2017-05-25
Duelist Pack: Jaden Yuki,DP1,30,2006-02-08
Duelist Pack: Jaden Yuki 2,DP03,30,2007-02-07
Duelist Pack: Jaden Yuki 3,DP06,25,2008-01-26
Duelist Pack: Jesse Anderson,DP07,25,2008-01-26
Duelist Pack: Kaiba,DPKB,40,2010-04-16
Duelist Pack: Rivals of the Pharaoh,DPRP,46,2016-09-15
Duelist Pack: Special Edition,DPK,3,2007-03-09
Duelist Pack: Yugi,DPYG,30,2009-07-07
Duelist Pack: Yusei,DP08,30,2009-02-24
Duelist Pack: Yusei 2,DP09,30,2010-01-15
Duelist Pack: Yusei 3,DP10,30,2011-01-21
Duelist Pack: Zane Truesdale,DP04,30,2007-03-07
Duelist Revolution,DREV,100,2010-08-17
Duelist Revolution Sneak Peek Participation Card,DREV,1,2010-08-07
Duelist Revolution: Special Edition,DREV,2,2010-09-21
Duelist Saga,DUSA,100,2017-03-30
Egyptian God Deck: Obelisk the Tormentor,EGO1,35,2021-06-17
Egyptian God Deck: Slifer the Sky Dragon,EGS1,38,2021-06-17
Elemental Energy,EEN,60,2005-11-16
Elemental Energy Sneak Peek Participation Card,SP1,1,2005-11-05
Elemental Energy: Special Edition,EEN,4,2005-11-30
Emperor of Darkness Structure Deck,SR01,41,2016-01-28
Enemy of Justice,EOJ,60,2006-05-17
Enemy of Justice Sneak Peek Participation Card,SP2,1,2006-05-13
Eternity Code,ETCO,101,2020-06-01
Eternity Code Premiere! promotional card,ETCO,1,2020-04-25
Event Pack Speed Duel,EVSD,6,2019-08-01
Exclusive Pack,EP1,8,2004-08-01
Extreme Force,EXFO,100,2018-02-01
Extreme Force Sneak Peek Participation Card,EXFO,1,2018-01-27
Extreme Force Special Edition,EXFO,4,2018-03-22
Extreme Victory,EXVC,100,2011-05-06
Extreme Victory Sneak Peek Participation Card,EXVC,1,2011-04-30
Fire Fists: Special Edition,FFSE,1,2014-04-04
Fists of the Gadgets,FIGA,60,2019-08-22
Flames of Destruction,FLOD,100,2018-05-03
Flames of Destruction Sneak Peek Participation Card,FLOD,1,2018-04-28
Flames of Destruction Special Edition,FLOD,4,2018-06-07
Flaming Eternity,FET,60,2005-03-01
Flaming Eternity Sneak Peek Participation Card,SP1,1,2005-02-26
Forbidden Legacy,FL1,3,2005-10-01
Force of the Breaker,FOTB,69,2007-05-16
Force of the Breaker Sneak Peek Participation Card,FOTB,1,2007-05-05
Force of the Breaker: Special Edition,FOTB,2,2007-06-25
Fusion Enforcers,FUEN,60,2017-02-23
Galactic Overlord,GAOV,100,2012-05-08
Galactic Overlord Sneak Peek Participation Card,GAOV,1,2012-04-28
Gates of the Underworld Structure Deck,SDGU,39,2011-10-13
Geargia Rampage Structure Deck,SDGR,35,2014-10-16
Generation Force,GENF,100,2011-08-16
Generation Force Sneak Peek Participation Card,GENF,1,2011-08-06
Generation Force: Special Edition,GENF,2,2011-09-15
Genesis Impact,GEIM,60,2020-12-03
Ghosts From the Past,GFTP,128,2021-04-15
Gladiator's Assault,GLAS,95,2007-11-14
Gladiator's Assault Sneak Peek Participation Card,GLAS,1,2007-11-03
Gladiator's Assault: Special Edition,GLAS,2,2007-12-12
Gold Series,GLD1,45,2008-04-02
Gold Series 2009,GLD2,50,2009-04-21
Gold Series 3,GLD3,50,2010-06-18
Gold Series 4: Pyramids Edition,GLD4,50,2011-06-24
Gold Series: Haunted Mine,GLD5,55,2012-06-07
GX Next Generation,GXNG,1,2007-11-03
HERO Strike Structure Deck,SDHS,45,2015-01-29
Hidden Arsenal,HA01,30,2009-11-05
Hidden Arsenal 2,HA02,60,2010-07-15
Hidden Arsenal 3,HA03,60,2010-12-02
Hidden Arsenal 4: Trishula's Triumph,HA04,60,2011-04-15
Hidden Arsenal 5: Steelswarm Invasion,HA05,60,2011-12-01
Hidden Arsenal 5: Steelswarm Invasion: Special Edition,H5SE,2,2012-03-30
Hidden Arsenal 6: Omega Xyz,HA06,60,2012-07-24
Hidden Arsenal 7: Knight of Stars,HA07,70,2013-04-26
Hidden Arsenal: Chapter 1,HAC1,5,2022-02-24
Hidden Arsenal: Special Edition,HASE,2,2011-07-22
Hidden Summoners,HISU,60,2018-11-15
High-Speed Riders,HSRD,60,2015-10-01
Hobby League 1 participation cards A,HL1,2,2004-10-01
Hobby League 1 participation cards B,HL1,2,2004-01-01
Hobby League 1 participation cards C,HL1,2,2005-01-01
Hobby League 2 participation card A,HL2,1,2006-01-01
Hobby League 2 participation card B,HL2,1,2006-01-01
Hobby League 2 participation card C,HL2,1,2006-01-01
Hobby League 2 participation card D,HL2,1,2006-01-01
Hobby League 2 participation card E,HL2,1,2006-01-01
Hobby League 2 participation card F,HL2,1,2006-01-01
Hobby League 3 participation card A,HL03,1,2006-01-01
Hobby League 3 participation card B,HL03,1,2006-01-01
Hobby League 3 participation card C,HL03,1,2006-01-01
Hobby League 3 participation card D,HL03,1,2006-01-01
Hobby League 3 participation card E,HL03,1,2006-01-01
Hobby League 3 participation card F,HL03,1,2006-01-01
Hobby League 3 participation card G,HL03,1,2006-01-01
Hobby League 4 participation card A,HL04,1,2007-01-01
Hobby League 4 participation card B,HL04,1,2007-01-01
Hobby League 4 participation card C,HL04,1,2007-01-01
Hobby League 4 participation card D,HL04,1,2007-08-04
Hobby League 4 participation card E,HL04,1,2007-11-10
Hobby League 4 participation card F,HL04,1,2007-01-01
Hobby League 5 participation card A,HL05,1,2007-01-01
Hobby League 5 participation card B,HL05,1,2007-01-01
Hobby League 5 participation card C,HL05,1,2007-01-01
Hobby League 5 participation card D,HL05,1,2007-01-01
Hobby League 5 participation card E,HL05,1,2007-01-01
Hobby League 5 participation card F,HL05,1,2007-01-01
Hobby League 6 participation card A,HL06,1,2008-01-21
Hobby League 6 participation card B,HL06,1,2008-01-01
Hobby League 6 participation card C,HL06,1,2008-01-01
Hobby League 6 participation card D,HL06,1,2008-01-01
Hobby League 6 participation card E,HL06,1,2008-01-01
Hobby League 6 participation card F,HL06,1,2008-01-01
Hobby League 7 participation card A,HL07,1,2008-01-01
Hobby League 7 participation card B,HL07,1,2008-01-01
Hobby League 7 participation card C,HL07,1,2008-01-01
Hobby League 7 participation card D,HL07,1,2008-01-01
Hobby League 7 participation card E,HL07,1,2008-01-01
Hobby League 7 participation card F,HL07,1,2008-01-01
Ignition Assault,IGAS,100,2020-01-31
Ignition Assault Sneak Peek Participation Card,IGAS,1,2020-01-25
Ignition Assault Special Edition,IGAS,4,2020-03-06
Invasion of Chaos,IOC,224,2004-03-01
Invasion of Chaos: Special Edition,IOC,4,2004-04-01
Invasion: Vengeance,INOV,100,2016-11-03
Invasion: Vengeance Sneak Peek Participation Card,INOV,1,2016-10-29
Invasion: Vengeance: Special Edition,INOV,4,2016-12-08
Judgment of the Light,JOTL,100,2013-08-09
Judgment of the Light Sneak Peek Participation Card,JOTL,1,2013-08-03
Judgment of the Light: Deluxe Edition,JOTL,4,2013-09-27
Kaiba's Collector Box,KACB,1,2017-11-17
KC Grand Tournament 2021 prize card,2021,1,2021-08-28
KC Grand Tournament prize card,2020,1,2020-08-29
Kids WB Duel of Destiny promotional card,EP1,1,2004-05-15
King's Court,KICO,65,2021-07-08
Labyrinth of Nightmare,LON,315,2003-03-01
Legacy of Darkness,LOD,202,2003-06-06
Legacy of the Valiant,LVAL,100,2014-01-24
Legacy of the Valiant Sneak Peek Participation Card,LVAL,1,2014-01-18
Legacy of the Valiant: Deluxe Edition,LVAL,4,2014-03-07
Legend of Blue Eyes White Dragon,LOB,355,2002-03-08
Legendary Collection,LC01,3,2010-10-01
Legendary Collection 2: The Duel Academy Years,LC02,13,2011-10-04
Legendary Collection 2: The Duel Academy Years Mega Pack,LCGX,266,2011-10-04
Legendary Collection 3: Yugi's World,LC03,4,2012-09-27
Legendary Collection 3: Yugi's World Mega Pack,LCYW,306,2012-09-29
Legendary Collection 4: Joey's World,LC04,6,2013-10-11
Legendary Collection 4: Joey's World Mega Pack,LCJW,298,2013-10-11
Legendary Collection 5D's,LC05,5,2014-10-23
Legendary Collection 5D's Mega Pack,LC5D,256,2014-10-23
Legendary Collection Kaiba,LC06,5,2018-03-08
Legendary Collection Kaiba Mega Pack,LCKC,110,2018-03-08
Legendary Decks II,LDK2,130,2016-10-06
Legendary Dragon Decks,LEDD,111,2017-10-05
Legendary Duelists,LEDU,52,2017-09-07
Legendary Duelists: Ancient Millennium,LED2,53,2018-02-22
Legendary Duelists: Immortal Destiny,LED5,58,2019-09-26
Legendary Duelists: Magical Hero,LED6,56,2020-01-17
Legendary Duelists: Rage of Ra,LED7,57,2020-09-24
Legendary Duelists: Season 1,LDS1,121,2020-07-03
Legendary Duelists: Season 2,LDS2,131,2021-01-21
Legendary Duelists: Sisters of the Rose,LED4,56,2019-01-10
Legendary Duelists: Synchro Storm,LED8,56,2021-10-29
Legendary Duelists: White Dragon Abyss,LED3,56,2018-09-27
Legendary Hero Decks,LEHD,117,2018-10-04
Light and Darkness Power Pack,LDPP,1,2007-11-14
Light of Destruction,LODT,100,2008-05-13
Light of Destruction Sneak Peek Participation Card,LODT,1,2008-05-03
Light of Destruction: Special Edition,LODT,2,2008-06-18
Lightning Overdrive,LIOV,101,2021-05-13
Lightning Overdrive Premiere! promotional card,LIOV,1,2021-05-29
Limited Edition 1,JUMP,4,2008-01-16
Lord of the Tachyon Galaxy,LTGY,100,2013-05-17
Lord of the Tachyon Galaxy Sneak Peek Participation Card,LTGY,1,2013-05-11
Lost Sanctuary Structure Deck,SDLS,38,2011-06-10
Machina Mayhem Structure Deck,SDMM,37,2010-02-19
Machine Reactor Structure Deck,SR03,40,2017-04-13
Magic Ruler,MRL,235,2002-09-16
Magician's Force,MFC,108,2003-10-10
Make-A-Wish Foundation promotional card,TYL,1,2005-08-05
Master Collection Volume 1,MC1,6,2004-12-01
Master Collection Volume 2,MC2,6,2005-10-18
Master of Pendulum Structure Deck,SDMP,43,2015-12-03
Mattel Action Figure promotional cards: Series 1,MF01,1,2006-01-01
Mattel Action Figure promotional cards: Series 2,MF02,4,2006-01-01
Mattel Action Figure promotional cards: Series 3,MF03,11,2006-01-01
Maximum Crisis,MACR,100,2017-05-04
Maximum Crisis Sneak Peek Participation Card,MACR,1,2017-04-29
Maximum Crisis: Special Edition,MACR,4,2017-06-08
Maximum Gold,MAGO,162,2020-11-12
Maximum Gold: El Dorado,MGED,150,2021-11-18
McDonald's Promotional Cards,MP1,15,2002-12-20
McDonald's Promotional Cards 2,MDP2,20,2006-12-26
Metal Raiders,MRD,432,2002-06-26
Millennium Pack,MIL1,48,2016-04-14
Movie Pack,MOV,4,2004-08-13
Mystic Fighters,MYFI,60,2019-11-22
Noble Knights of the Round Table Box Set,NKRT,38,2014-11-20
Noble Knights of the Round Table Power-Up Pack,NKRT,6,2014-11-20
Number Hunters,NUMH,60,2013-07-12
Onslaught of the Fire Kings Structure Deck,SDOK,39,2013-02-08
Order of Chaos,ORCS,100,2012-01-20
Order of Chaos Sneak Peek Participation Card,ORCS,1,2012-01-14
Order of Chaos: Special Edition,ORCS,2,2012-03-02
OTS Tournament Pack 1,OP01,27,2016-03-18
OTS Tournament Pack 10,OP10,25,2019-04-18
OTS Tournament Pack 10 (POR),OP10,35,2019-04-18
OTS Tournament Pack 11,OP11,25,2019-08-15
OTS Tournament Pack 11 (POR),OP11,30,2019-08-15
OTS Tournament Pack 12,OP12,25,2019-12-05
OTS Tournament Pack 12 (POR),OP12,35,2019-12-05
OTS Tournament Pack 13,OP13,25,2020-06-15
OTS Tournament Pack 13 (POR),OP13,34,2020-06-15
OTS Tournament Pack 14,OP14,25,2020-10-08
OTS Tournament Pack 14 (POR),OP14,35,2020-10-08
OTS Tournament Pack 15,OP15,26,2021-02-18
OTS Tournament Pack 15 (POR),OP15,35,2021-02-18
OTS Tournament Pack 16,OP16,26,2021-06-09
OTS Tournament Pack 16 (POR),OP16,36,2021-06-09
OTS Tournament Pack 17,OP17,25,2021-10-14
OTS Tournament Pack 17 (POR),OP17,35,2021-10-14
OTS Tournament Pack 2,OP02,27,2016-07-15
OTS Tournament Pack 3,OP03,27,2016-11-17
OTS Tournament Pack 4,OP04,27,2017-04-06
OTS Tournament Pack 5,OP05,27,2017-08-03
OTS Tournament Pack 6,OP06,26,2017-12-07
OTS Tournament Pack 7,OP07,26,2018-04-13
OTS Tournament Pack 7 (POR),OP07,34,2018-04-13
OTS Tournament Pack 8,OP08,26,2018-08-17
OTS Tournament Pack 8 (POR),OP08,36,2018-08-17
OTS Tournament Pack 9,OP09,26,2018-12-06
OTS Tournament Pack 9 (POR),OP09,36,2018-12-06
Palladium Oracle Mahad Sweepstakes,SBPR,1,2021-06-01
Pendulum Domination Structure Deck,SDPD,43,2017-01-19
Pendulum Evolution,PEVO,60,2017-06-22
Phantom Darkness,PTDN,100,2008-02-13
Phantom Darkness Sneak Peek Participation Card,PTDN,1,2008-01-26
Phantom Darkness: Special Edition,PTDN,2,2008-03-12
Phantom Rage,PHRA,101,2020-11-05
Phantom Rage Premiere! promotional card,PHRA,1,2020-10-31
Pharaoh Tour 2005 promotional cards,PT1,2,2005-12-17
Pharaoh Tour 2006 promotional cards,PT02,2,2006-10-28
Pharaoh Tour 2007 promotional cards,PT03,2,2007-10-13
Pharaoh's Servant,PSV,315,2002-10-20
Pharaonic Guardian,PGD,108,2003-07-18
Photon Shockwave,PHSW,100,2011-11-10
Photon Shockwave Sneak Peek Participation Card,PHSW,1,2011-11-05
Power of the Duelist,POTD,60,2006-08-16
Power of the Duelist Sneak Peek Participation Card,SP02,1,2006-08-05
Premium Collection Tin,PRC1,25,2012-03-16
Premium Gold,PGLD,90,2014-03-28
Premium Gold: Infinite Gold,PGL3,100,2016-03-17
Premium Gold: Return of the Bling,PGL2,91,2015-03-19
Premium Pack (TCG),PP01,15,2007-07-26
Premium Pack 2 (TCG),PP02,20,2008-07-31
Primal Origin,PRIO,100,2014-05-16
Primal Origin Plus,PRIO,1,2014-01-01
Primal Origin Sneak Peek Participation Card,PRIO,1,2014-05-10
Primal Origin: Deluxe Edition,PRIO,4,2014-06-12
Ra Yellow Mega Pack,RYMP,113,2012-02-17
Ra Yellow Mega Pack: Special Edition,RYMP,1,2012-06-12
Raging Battle,RGBT,100,2009-05-12
Raging Battle Sneak Peek Participation Card,RGBT,1,2009-05-02
Raging Battle: Special Edition,RGBT,2,2009-06-23
Raging Tempest,RATE,100,2017-02-09
Raging Tempest Sneak Peek Participation Card,RATE,1,2017-02-04
Raging Tempest: Special Edition,RATE,4,2017-03-16
Realm of Light Structure Deck,SDLI,36,2014-06-27
Realm of the Sea Emperor Structure Deck,SDRE,39,2012-10-11
Remote Duel at Home Sweepstakes,SBPR,1,2020-10-01
Retro Pack,RP01,101,2008-07-08
Retro Pack 2,RP02,101,2009-07-28
Return of the Duelist,REDU,100,2012-08-24
Return of the Duelist Sneak Peek Participation Card,REDU,1,2012-08-18
Return of the Duelist: Special Edition,REDU,2,2012-09-21
Rise of Destiny,RDS,60,2004-11-20
Rise of Destiny: Special Edition,RDS,4,2005-02-01
Rise of the Dragon Lords Structure Deck,SDRL,37,2007-10-24
Rise of the Duelist,ROTD,101,2020-08-06
Rise of the Duelist Premiere! promotional card,ROTD,1,2020-08-01
Rise of the True Dragons Structure Deck,SR02,41,2016-07-07
Rising Rampage,RIRA,100,2019-06-26
Rising Rampage Sneak Peek Participation Card,RIRA,1,2019-07-20
Rising Rampage Special Edition,RIRA,4,2019-09-12
Saber Force Starter Deck,YS15,28,2015-05-29
Saga of Blue-Eyes White Dragon Structure Deck,SDBE,40,2013-09-13
Samurai Assault,SAAS,1,2011-12-06
Samurai Warlords Structure Deck,SDWA,41,2012-06-21
San Diego Comic-Con promotional cards,TKN1,4,2006-07-20
Savage Strike,SAST,100,2019-01-31
Savage Strike Sneak Peek Participation Card,SAST,1,2019-01-26
Savage Strike Special Edition,SAST,4,2019-03-07
Secret Slayers,SESL,60,2020-04-03
Secrets of Eternity,SECE,100,2015-01-15
Secrets of Eternity Sneak Peek Participation Card,SECE,1,2015-01-10
Secrets of Eternity: Super Edition,SECE,14,2015-02-26
Shadow of Infinity,SOI,60,2006-02-18
Shadow of Infinity Sneak Peek Participation Card,SP2,1,2006-02-18
Shadow of Infinity: Special Edition,SOI,4,2006-04-01
Shadow Specters,SHSP,100,2013-11-08
Shadow Specters Sneak Peek Participation Card,SHSP,1,2013-11-02
Shadow Specters: Special Edition,SHSP,2,2013-12-13
Shadows in Valhalla,SHVA,60,2018-08-16
Shining Victories,SHVI,100,2016-05-05
Shining Victories Sneak Peek Participation Card,SHVI,1,2016-04-30
Shining Victories: Special Edition,SHVI,4,2016-06-16
Shonen Jump 2007 subscription bonus,JUMP,2,2007-07-15
Shonen Jump Championship 2004 Prize Card,SJC,1,2004-12-04
Shonen Jump Championship 2005 Prize Card,SJC,1,2005-08-20
Shonen Jump Championship 2006 Prize Card,SJC,1,2006-05-06
Shonen Jump Championship 2007 Prize Card A,SJCS,1,2007-01-27
Shonen Jump Championship 2007 Prize Card B,SJCS,1,2007-08-18
Shonen Jump Championship 2008 Prize Card,SJCS,1,2008-03-08
Shonen Jump Championship 2009 Prize Card,SJCS,1,2009-04-26
Shonen Jump December 2010 subscription bonus,JUMP,2,2010-12-01
Shonen Jump December 2011 subscription bonus,JUMP,2,2011-12-01
Shonen Jump February 2009 subscription bonus,JUMP,2,2009-02-01
Shonen Jump June/July 2011 subscription bonus,JUMP,2,2011-06-01
Shonen Jump March 2010 subscription bonus,JUMP,2,2010-03-01
Shonen Jump May 2006 subscription bonus,JUMP,3,2006-05-01
Shonen Jump May 2008 subscription bonus,JUMP,1,2008-05-01
Shonen Jump May 2010 subscription bonus,JUMP,2,2010-05-01
"Shonen Jump Scholastic Edition Vol. 9, Issue 1 promotional card",JMPS,1,2011-01-01
"Shonen Jump Vol. 1, Issue 1 promotional card",JMP,1,2002-11-26
"Shonen Jump Vol. 10, Issue 1 promotional card",JUMP,1,2012-01-01
"Shonen Jump Vol. 10, Issue 3 promotional card",JUMP,1,2012-03-01
"Shonen Jump Vol. 10, Issue 4 promotional card",JUMP,1,2012-04-01
"Shonen Jump Vol. 2, Issue 1 promotional card",JMP,1,2004-01-01
"Shonen Jump Vol. 3, Issue 1 promotional card",JMP,1,2005-01-01
"Shonen Jump Vol. 4, Issue 1 promotional card",JMP,1,2006-01-01
"Shonen Jump Vol. 4, Issue 11 promotional card",JUMP,1,2006-11-01
"Shonen Jump Vol. 4, Issue 12 promotional card",JUMP,1,2006-12-01
"Shonen Jump Vol. 5, Issue 1 promotional card",JUMP,1,2007-01-01
"Shonen Jump Vol. 5, Issue 11 promotional card",JUMP,1,2007-11-01
"Shonen Jump Vol. 5, Issue 4 promotional card",JUMP,1,2007-04-21
"Shonen Jump Vol. 5, Issue 6 promotional card",JUMP,1,2007-06-01
"Shonen Jump Vol. 5, Issue 9 promotional card",JUMP,1,2007-09-01
"Shonen Jump Vol. 6, Issue 1 promotional card",JUMP,1,2008-01-01
"Shonen Jump Vol. 6, Issue 12 promotional card",JUMP,1,2008-11-05
"Shonen Jump Vol. 6, Issue 3 promotional card",JUMP,1,2008-02-01
"Shonen Jump Vol. 6, Issue 5 promotional card",JUMP,1,2008-05-01
"Shonen Jump Vol. 6, Issue 9 promotional card",JUMP,1,2008-09-01
"Shonen Jump Vol. 7, Issue 1 promotional card",JUMP,1,2009-01-01
"Shonen Jump Vol. 7, Issue 11 promotional card",JUMP,1,2009-11-01
"Shonen Jump Vol. 7, Issue 3 promotional card",JUMP,1,2009-03-01
"Shonen Jump Vol. 7, Issue 6 promotional card",JUMP,1,2009-06-01
"Shonen Jump Vol. 7, Issue 9 promotional card",JUMP,1,2009-09-01
"Shonen Jump Vol. 8, Issue 1 promotional card",JUMP,1,2010-01-01
"Shonen Jump Vol. 8, Issue 11 promotional card",JUMP,1,2010-11-01
"Shonen Jump Vol. 8, Issue 3 promotional card",JUMP,1,2010-03-01
"Shonen Jump Vol. 8, Issue 5 promotional card",JUMP,1,2010-05-01
"Shonen Jump Vol. 8, Issue 7 promotional card",JUMP,1,2010-07-01
"Shonen Jump Vol. 8, Issue 9 promotional card",JUMP,1,2010-09-01
"Shonen Jump Vol. 9, Issue 1 promotional card",JUMP,1,2011-01-01
"Shonen Jump Vol. 9, Issue 10 promotional card",JUMP,1,2011-12-01
"Shonen Jump Vol. 9, Issue 3 promotional card",JUMP,1,2011-03-01
"Shonen Jump Vol. 9, Issue 4 promotional card",JUMP,1,2011-04-01
"Shonen Jump Vol. 9, Issue 6 promotional card",JUMP,1,2011-06-01
"Shonen Jump Vol. 9, Issue 8 promotional card",JUMP,1,2011-09-01
SJ Jump Pack Spring 2020 promotional card,JMPS,1,2020-02-01
Soul Fusion,SOFU,100,2018-10-18
Soul Fusion Sneak Peek Participation Card,SOFU,1,2018-10-13
Soul Fusion Special Edition,SOFU,4,2018-12-06
Soul of the Duelist,SOD,60,2004-10-01
Space-Time Showdown Power-Up Pack,YS14,15,2014-07-10
Speed Duel Demo Deck,DEM5,11,2019-06-08
Speed Duel Demo Deck 2020,DEM6,21,2020-01-01
Speed Duel Starter Decks: Destiny Masters,SS01,64,2019-01-24
Speed Duel Starter Decks: Duelists of Tomorrow,SS02,69,2019-01-24
Speed Duel Starter Decks: Match of the Millennium,SS04,67,2020-05-15
Speed Duel Starter Decks: Twisted Nightmares,SS05,66,2020-05-15
Speed Duel Starter Decks: Ultimate Predators,SS03,63,2019-08-01
Speed Duel Tournament Pack 1,STP1,18,2019-04-18
Speed Duel Tournament Pack 2,STP2,18,2019-10-10
Speed Duel: Arena of Lost Souls,SBLS,50,2019-03-28
Speed Duel: Attack from the Deep,SBAD,50,2019-05-31
Speed Duel: Battle City Box,SBCB,223,2020-11-26
Speed Duel: Scars of Battle,SBSC,50,2019-08-01
Speed Duel: Scars of Battle Launch Event participation card,EVSD,1,2019-08-17
Speed Duel: Trials of the Kingdom,SBTK,51,2019-12-06
Speed Duel: Trials of the Kingdom Sneak Peek participation cards,SBTK,10,2019-11-30
Spell Ruler,SRL,208,2002-09-16
Spellcaster's Command Structure Deck,SDSC,38,2009-03-31
Spellcaster's Command Structure Deck: Special Edition,SDSC,1,2009-03-31
Spirit Warriors,SPWA,60,2017-11-16
Star Pack 2013,SP13,50,2013-03-01
Star Pack 2014,SP14,50,2014-02-21
Star Pack ARC-V,SP15,50,2015-06-12
Star Pack Battle Royal,SP17,50,2017-03-09
Star Pack VRAINS,SP18,50,2018-03-29
Stardust Overdrive,SOVR,100,2009-11-17
Stardust Overdrive Sneak Peek Participation Card,SOVR,1,2009-11-01
Stardust Overdrive: Special Edition,SOVR,2,2009-12-11
Starstrike Blast,STBL,100,2010-11-11
Starstrike Blast Sneak Peek Participation Card,STBL,1,2010-11-06
Starter Deck 2006,YSD,39,2006-03-23
Starter Deck 2006: Special Edition,YSD,1,2006-03-01
Starter Deck: Codebreaker,YS18,45,2018-07-12
Starter Deck: Dawn of the Xyz,YS11,43,2011-07-08
Starter Deck: Duelist Toolbox,5DS3,42,2010-05-28
Starter Deck: Jaden Yuki,YSDJ,41,2007-07-25
Starter Deck: Joey,SDJ,50,2003-03-30
Starter Deck: Kaiba,SDK,96,2002-03-29
Starter Deck: Kaiba Evolution,SKE,50,2004-03-01
Starter Deck: Kaiba Reloaded,YSKR,48,2013-12-06
Starter Deck: Link Strike,YS17,43,2017-07-20
Starter Deck: Pegasus,SDP,50,2003-03-30
Starter Deck: Syrus Truesdale,YSDS,41,2007-07-25
Starter Deck: Xyz Symphony,YS12,43,2012-04-13
Starter Deck: Yu-Gi-Oh! 5D's,5DS1,43,2008-08-05
Starter Deck: Yu-Gi-Oh! 5D's 2009,5DS2,43,2009-06-09
Starter Deck: Yugi,SDY,95,2002-03-29
Starter Deck: Yugi Evolution,SYE,50,2004-03-01
Starter Deck: Yugi Reloaded,YSYR,46,2013-12-06
Starter Deck: Yuya,YS16,43,2016-05-26
Storm of Ragnarok,STOR,100,2011-02-08
Storm of Ragnarok Sneak Peek Participation Card,STOR,1,2011-02-05
Storm of Ragnarok: Special Edition,STOR,2,2011-03-22
Strike of Neos,STON,69,2007-02-28
Strike of Neos Sneak Peek Participation Card,STON,1,2007-02-24
Strike of Neos: Special Edition,STON,2,2007-03-14
Structure Deck: Blaze of Destruction,SD3,31,2005-05-09
Structure Deck: Cyber Strike,SDCS,48,2021-10-14
Structure Deck: Cyberse Link,SDCL,43,2017-11-02
Structure Deck: Deluxe Edition,SD1,2,2005-01-01
Structure Deck: Dinosaur's Rage,SD09,36,2006-10-20
Structure Deck: Dinosaur's Rage Special Set,SD09,1,2006-10-25
Structure Deck: Dragon's Roar,SD1,28,2005-01-01
Structure Deck: Freezing Chains,SDFC,46,2021-02-18
Structure Deck: Fury from the Deep,SD4,32,2005-05-09
Structure Deck: Invincible Fortress,SD7,32,2006-05-15
Structure Deck: Lair of Darkness,SR06,42,2018-04-19
Structure Deck: Lord of the Storm,SD8,36,2006-07-12
Structure Deck: Machine Re-Volt,SD10,37,2007-01-17
Structure Deck: Marik (TCG),SDMA,38,2010-10-15
Structure Deck: Mechanized Madness,SR10,41,2020-04-16
Structure Deck: Order of the Spellcasters,SR08,41,2019-04-25
Structure Deck: Powercode Link,SDPL,42,2018-08-09
Structure Deck: Rokket Revolt,SDRR,46,2019-08-15
Structure Deck: Sacred Beasts,SDSA,48,2020-07-10
Structure Deck: Seto Kaiba,SDKS,44,2016-10-20
Structure Deck: Shaddoll Showdown,SDSH,49,2020-02-13
Structure Deck: Soulburner,SDSB,45,2019-02-14
Structure Deck: Spellcaster's Judgment,SD6,36,2006-01-18
Structure Deck: Spirit Charmers,SDCH,41,2020-10-22
Structure Deck: Warrior's Triumph,SD5,36,2005-10-28
Structure Deck: Wave of Light,SR05,42,2018-01-18
Structure Deck: Yugi Muto,SDMY,45,2016-10-20
Structure Deck: Zombie Horde,SR07,42,2018-11-01
Structure Deck: Zombie Madness,SD2,28,2005-01-01
Summoned Skull Sample promotional card,SDY,1,2001-01-01
Super Starter Power-Up Pack,YS13,15,2013-06-14
Super Starter: Space-Time Showdown,YS14,40,2014-07-10
Super Starter: V for Victory,YS13,42,2013-06-14
"Swedish Shonen Jump 2004, Issue 2 promotional card",JMP,1,2004-11-01
"Swedish Shonen Jump 2005, Issue 12 promotional card",JMP,1,2005-11-01
Synchron Extreme Structure Deck,SDSE,43,2015-08-27
Tactical Evolution,TAEV,90,2007-08-15
Tactical Evolution Sneak Peek Participation Card,TAEV,1,2007-08-04
Tactical Evolution: Special Edition,TAEV,2,2007-09-12
The Dark Emperor Structure Deck,SDDE,36,2008-04-02
The Dark Illusion,TDIL,100,2016-08-04
The Dark Illusion Sneak Peek Participation Card,TDIL,1,2016-07-30
The Dark Illusion: Special Edition,TDIL,4,2016-09-15
The Duelist Genesis,TDGS,100,2008-09-02
The Duelist Genesis Sneak Peek Participation Card,TDGS,1,2008-08-09
The Duelist Genesis: Special Edition,TDGS,2,2008-10-07
The Grand Creators,GRCR,60,2022-01-27
The Infinity Chasers,INCH,60,2019-03-21
The Lost Art Promotion 2020 D,LART,1,2020-06-01
The Lost Art Promotion 2020 E,LART,1,2020-06-01
The Lost Art Promotion 2020 F,LART,1,2020-06-01
The Lost Art Promotion 2020 G,LART,1,2020-10-01
The Lost Art Promotion 2020 H,LART,1,2020-09-01
The Lost Art Promotion 2020 I,LART,1,2020-08-01
The Lost Art Promotion 2020 K,LART,1,2020-01-11
The Lost Art Promotion 2020 L,LART,1,2020-11-01
The Lost Art Promotion 2020 M,LART,1,2020-10-10
The Lost Art Promotion 2020 N,LART,1,2020-08-01
The Lost Art Promotion 2020 O,LART,1,2020-12-01
The Lost Art Promotion 2020 P,LART,1,2020-09-01
The Lost Art Promotion 2020 Q,LART,1,2020-10-01
The Lost Art Promotion 2020 R,LART,1,2020-10-01
The Lost Art Promotion 2021 A,LART,1,2021-01-01
The Lost Art Promotion 2021 B,LART,1,2021-03-01
The Lost Art Promotion 2021 C,LART,1,2021-04-01
The Lost Art Promotion 2021 D,LART,1,2021-05-01
The Lost Art Promotion 2021 E,LART,1,2021-06-01
The Lost Art Promotion 2021 F,LART,1,2021-07-01
The Lost Art Promotion 2021 G,LART,1,2021-08-01
The Lost Art Promotion 2021 H,LART,1,2021-08-01
The Lost Art Promotion 2021 I,LART,1,2021-09-01
The Lost Art Promotion 2021 J,LART,1,2021-11-01
The Lost Art Promotion 2021 K,LART,1,2021-11-01
The Lost Art Promotion 2021 L,LART,1,2021-01-01
The Lost Art Promotion 2022 A,LART,1,2022-01-01
The Lost Art Promotion A,LART,1,2018-02-01
The Lost Art Promotion B,LART,1,2018-03-01
The Lost Art Promotion C,LART,1,2018-04-01
The Lost Art Promotion D,LART,1,2018-05-01
The Lost Art Promotion E,LART,1,2018-06-01
The Lost Art Promotion F,LART,1,2018-07-01
The Lost Art Promotion G,LART,1,2019-01-01
The Lost Art Promotion H,LART,1,2019-02-01
The Lost Art Promotion I,LART,1,2019-03-01
The Lost Art Promotion J,LART,1,2019-06-01
The Lost Art Promotion K,LART,1,2019-07-01
The Lost Art Promotion L,LART,1,2019-08-01
The Lost Art Promotion M,LART,1,2019-02-01
The Lost Art Promotion N,LART,1,2020-02-01
The Lost Art Promotion O,LART,1,2020-03-01
The Lost Millennium,TLM,60,2005-06-01
The Lost Millennium Sneak Peek Participation Card,SP1,1,2005-05-28
The Lost Millennium: Special Edition,TLM,4,2005-06-10
The New Challengers,NECH,100,2014-11-06
The New Challengers Sneak Peek Participation Card,NECH,1,2014-11-01
The New Challengers: Super Edition,NECH,14,2014-12-04
The Secret Forces,THSF,60,2015-02-12
The Shining Darkness,TSHD,100,2010-05-07
The Shining Darkness Sneak Peek Participation Card,TSHD,1,2010-05-01
Toon Chaos,TOCH,60,2020-06-19
Tournament Pack 4,TP4,20,2003-10-01
Tournament Pack 5,TP5,20,2004-11-01
Tournament Pack 6,TP6,20,2005-06-01
Tournament Pack 7,TP7,20,2005-11-01
Tournament Pack 8,TP8,20,2006-04-28
Tournament Pack: 1st Season,TP1,60,2002-09-01
Tournament Pack: 2nd Season,TP2,30,2002-10-01
Tournament Pack: 3rd Season,TP3,20,2003-03-01
Trials of the Pharaoh - Match of the Millennium & Twisted Nightmares promotional card,OPTP,1,2020-08-01
Trials of the Pharaoh - Speed Duel: Battle City Box promotional card,OPTP,1,2020-11-26
Trials of the Pharaoh - Trials of the Kingdom promotional card,OPTP,1,2020-01-01
Turbo Pack: Booster Eight,TU08,21,2012-06-01
Turbo Pack: Booster Five,TU05,21,2011-04-09
Turbo Pack: Booster Four,TU04,21,2010-11-13
Turbo Pack: Booster One,TU01,21,2009-08-15
Turbo Pack: Booster Seven,TU07,21,2012-01-01
Turbo Pack: Booster Six,TU06,21,2011-08-04
Turbo Pack: Booster Three,TU03,21,2010-07-10
Turbo Pack: Booster Two,TU02,21,2010-01-09
Twilight Edition,TWED,1,2010-01-05
Ultimate Edition,JMP,1,2010-01-05
Ultimate Edition 2,UE02,1,2006-11-11
War of the Giants Reinforcements,WGRT,104,2014-01-17
War of the Giants: Round 2,BPW2,103,2014-01-17
Warriors' Strike Structure Deck,SDWS,38,2009-10-23
Weekly Shonen Jump Alpha April 2012 membership promotional card,JUMP,1,2012-05-30
Weekly Shonen Jump Alpha December 2012 membership promotional card,JUMP,1,2012-12-25
Weekly Shonen Jump Alpha July 2012 membership promotional card,JUMP,1,2012-08-27
Weekly Shonen Jump Alpha September 2012 membership promotional card,JUMP,1,2012-10-12
Weekly Shonen Jump April 2015 membership promotional card,JUMP,1,2015-05-07
Weekly Shonen Jump April 2016 membership promotional card,JUMP,1,2016-04-20
Weekly Shonen Jump April 2017 membership promotional card,JUMP,1,2017-04-01
Weekly Shonen Jump April 2018 membership promotional card,JUMP,1,2018-05-01
Weekly Shonen Jump August 2014 membership promotional card,JUMP,1,2014-08-18
Weekly Shonen Jump December 2013 membership promotional card,JUMP,1,2013-12-15
Weekly Shonen Jump December 2018 membership promotional cards,JUMP,4,2018-12-01
Weekly Shonen Jump February 2015 membership promotional card,JUMP,1,2015-02-19
Weekly Shonen Jump January 2016 membership promotional card,JUMP,1,2016-01-18
Weekly Shonen Jump January 2017 membership promotional card,JUMP,1,2017-01-16
Weekly Shonen Jump January 2018 membership promotional card,JUMP,1,2018-01-01
Weekly Shonen Jump July 2013 membership promotional card,JUMP,1,2013-07-09
Weekly Shonen Jump July 2015 membership promotional card,JUMP,1,2015-07-01
Weekly Shonen Jump July 2016 membership promotional card,JUMP,1,2016-07-04
Weekly Shonen Jump July 2017 membership promotional card,JUMP,1,2017-06-30
Weekly Shonen Jump July 2018 membership promotional card,JUMP,1,2018-08-12
Weekly Shonen Jump March 2013 membership promotional card,JUMP,1,2013-03-15
Weekly Shonen Jump March 2014 membership promotional card,JUMP,1,2014-03-13
Weekly Shonen Jump November 2014 membership promotional card,JUMP,1,2014-10-08
Weekly Shonen Jump November 2017 membership promotional card,JUMP,1,2017-11-01
Weekly Shonen Jump November 2018 membership promotional card,JUMP,1,2018-11-21
Weekly Shonen Jump October 2015 membership promotional card,JUMP,1,2015-10-07
Weekly Shonen Jump October 2016 membership promotional card,JUMP,1,2016-10-06
Weekly Shonen Jump September 2013 membership promotional card,JUMP,1,2013-10-24
Wing Raiders,WIRA,60,2016-02-11
World Championship 2010 Card Pack,WCPP,20,2010-08-14
World Championship 2011 Card Pack,WP11,20,2011-08-01
World Superstars,WSUP,50,2015-04-16
WSJ Jump Pack Fall 2016 promotional card,JMPS,1,2016-07-01
WSJ Jump Pack Fall 2017 promotional card,JMPS,1,2017-08-01
WSJ Jump Pack Fall 2018 promotional card,JMPS,1,2018-09-01
WSJ Jump Pack Spring 2016 promotional card,JMPS,1,2016-02-01
WSJ Jump Pack Spring 2017 promotional card,JMPS,1,2017-01-01
WSJ Jump Pack Spring 2018 promotional card,JMPS,1,2018-01-01
WSJ Jump Pack Spring 2019 promotional card,JMPS,1,2019-01-01
X-Saber Power-Up,XSPU,1,2010-11-23
Yu-Gi-Oh! 3D Bonds Beyond Time DVD promotional card,MOV2,1,2011-07-25
Yu-Gi-Oh! 3D Bonds Beyond Time Movie Pack,YMP1,9,2011-02-22
Yu-Gi-Oh! 3D Bonds Beyond Time Theater distribution card,MOV2,1,2011-02-22
Yu-Gi-Oh! 5D's Duel Transer promotional cards,YDT1,3,2010-12-07
Yu-Gi-Oh! 5D's Stardust Accelerator promotional cards,WC09,2,2009-05-19
Yu-Gi-Oh! 5D's Tag Force 4 promotional cards,TF04,3,2009-11-17
Yu-Gi-Oh! 5D's Tag Force 5 promotional cards,TF05,3,2010-10-26
Yu-Gi-Oh! 5D's Volume 1 promotional card,YF01,1,2011-07-06
Yu-Gi-Oh! 5D's Volume 2 promotional card,YF02,1,2012-02-07
Yu-Gi-Oh! 5D's Volume 3 promotional card,YF03,1,2012-10-02
Yu-Gi-Oh! 5D's Volume 4 promotional card,YF04,1,2013-04-02
Yu-Gi-Oh! 5D's Volume 5 promotional card,YF05,1,2013-11-05
Yu-Gi-Oh! 5D's Volume 6 promotional card,YF06,1,2014-09-02
Yu-Gi-Oh! 5D's Volume 7 promotional card,YF07,1,2015-03-03
Yu-Gi-Oh! 5D's volume 8 promotional card,YF08,1,2015-10-06
Yu-Gi-Oh! 5D's Volume 9 promotional card,YF09,1,2016-04-05
Yu-Gi-Oh! 5D's Wheelie Breakers Promotional Cards,WB01,3,2009-05-19
Yu-Gi-Oh! 5D's World Championship 2009: Stardust Accelerator promotional cards,WC09,1,2009-05-19
Yu-Gi-Oh! 5D's World Championship 2010: Reverse of Arcadia promotional cards,WC10,3,2010-02-23
Yu-Gi-Oh! 5D's World Championship 2011: Over the Nexus promotional cards,WC11,3,2011-05-10
Yu-Gi-Oh! 7 Trials to Glory: World Championship Tournament 2005 promotional cards,WC5,3,2005-02-15
Yu-Gi-Oh! Advent Calendar,AC19,1,2019-09-26
Yu-Gi-Oh! Advent Calendar (2018),AC18,24,2018-10-25
Yu-Gi-Oh! Advent Calendar (2019),AC19,23,2019-09-26
Yu-Gi-Oh! ARC-V Volume 1 promotional card,YA01,1,2017-04-04
Yu-Gi-Oh! ARC-V Volume 2 promotional card,YA02,1,2017-09-05
Yu-Gi-Oh! ARC-V Volume 3 promotional card,YA03,1,2018-03-06
Yu-Gi-Oh! ARC-V Volume 4 promotional card,YA04,1,2018-11-06
Yu-Gi-Oh! ARC-V Volume 5 promotional card,YA05,1,2019-03-05
Yu-Gi-Oh! ARC-V Volume 6 promotional card,YA06,1,2019-09-03
Yu-Gi-Oh! ARC-V Volume 7 promotional card,YA07,1,2020-06-02
Yu-Gi-Oh! at Home Sweepstakes,SBPR,1,2020-12-07
Yu-Gi-Oh! Capsule Monster Coliseum promotional cards,CMC,3,2004-11-26
Yu-Gi-Oh! Championship Series 2010 Prize Cards,YCSW,3,2010-05-16
Yu-Gi-Oh! Championship Series 2011 Prize Card,YCSW,1,2011-08-07
Yu-Gi-Oh! Championship Series 2012 Prize Card,YCSW,1,2012-09-01
Yu-Gi-Oh! Championship Series 2013 Prize Card,YCSW,1,2013-09-01
Yu-Gi-Oh! Championship Series 2014 Prize Card,YCSW,1,2014-09-07
Yu-Gi-Oh! Championship Series 2015 Prize Card,YCSW,1,2015-08-30
Yu-Gi-Oh! Championship Series 2016 Prize Card,YCSW,1,2016-08-28
Yu-Gi-Oh! Championship Series 2017 prize card,YCSW,1,2017-08-27
Yu-Gi-Oh! Championship Series 2018 prize card,YCSW,1,2018-09-22
Yu-Gi-Oh! Championship Series 2019 prize card,YCSW,1,2019-08-25
Yu-Gi-Oh! Dark Duel Stories promotional cards,DDS,6,2002-03-19
Yu-Gi-Oh! Day April 2019 promotional card,YDPR,1,2019-04-06
Yu-Gi-Oh! Destiny Board Traveler promotional cards,DBT,3,2004-10-26
Yu-Gi-Oh! Double Pack promotional cards,ROD,2,2006-02-22
Yu-Gi-Oh! Elemental Hero Collection 1,EHC1,4,2007-11-13
Yu-Gi-Oh! Elemental Hero Collection 2,EHC2,4,2007-11-13
Yu-Gi-Oh! Forbidden Memories promotional cards,FMR,3,2002-11-25
Yu-Gi-Oh! GX Card Almanac promotional cards,YDB1,3,2007-11-30
Yu-Gi-Oh! GX Duel Academy promotional cards,GX1,3,2006-01-10
Yu-Gi-Oh! GX Special Edition,GSE,1,2006-04-01
Yu-Gi-Oh! GX Spirit Caller promotional cards,GX03,3,2007-01-02
Yu-Gi-Oh! GX Tag Force 2 promotional cards,GX04,3,2007-09-18
Yu-Gi-Oh! GX Tag Force 3 promotional cards,GX06,3,2008-11-28
Yu-Gi-Oh! GX Tag Force Evolution promotional cards,GX05,3,2007-12-07
Yu-Gi-Oh! GX Tag Force promotional cards,GX02,3,2006-11-16
Yu-Gi-Oh! GX Ultimate Beginner's Pack,UBP1,5,2006-07-19
Yu-Gi-Oh! GX Volume 1 promotional card,YG01,1,2007-11-06
Yu-Gi-Oh! GX Volume 2 promotional card,YG02,1,2008-11-04
Yu-Gi-Oh! GX Volume 3 promotional card,YG03,1,2009-06-02
Yu-Gi-Oh! GX Volume 4 promotional card,YG04,1,2010-01-05
Yu-Gi-Oh! GX Volume 5 promotional card,YG05,1,2010-10-05
Yu-Gi-Oh! GX Volume 6 promotional card,YG06,1,2011-03-01
Yu-Gi-Oh! GX Volume 7 promotional card,YG07,1,2011-08-18
Yu-Gi-Oh! GX Volume 8 promotional card,YG08,1,2012-01-03
Yu-Gi-Oh! GX Volume 9 promotional card,YG09,1,2011-08-07
Yu-Gi-Oh! Legacy of the Duelist: Link Evolution promotional cards,LOD2,3,2019-08-20
Yu-Gi-Oh! Nightmare Troubadour promotional cards,NTR,3,2005-08-30
Yu-Gi-Oh! Power of Chaos: Joey the Passion promotional cards,PCJ,3,2004-06-29
Yu-Gi-Oh! Power of Chaos: Kaiba the Revenge promotional cards,PCK,6,2004-04-06
Yu-Gi-Oh! Power of Chaos: Yugi the Destiny Limited Collector's Edition,PCY,2,2003-11-18
Yu-Gi-Oh! Power of Chaos: Yugi the Destiny promotional cards,PCY,10,2003-11-18
Yu-Gi-Oh! R Volume 1 promotional card,YR01,1,2009-06-10
Yu-Gi-Oh! R Volume 3 promotional card,YR01,1,2010-02-02
Yu-Gi-Oh! R Volume 4 promotional card,YR04,1,2010-04-29
Yu-Gi-Oh! R Volume 5 promotional card,YR05,1,2010-06-02
Yu-Gi-Oh! Reshef of Destruction promotional cards,ROD,3,2004-06-29
Yu-Gi-Oh! TCG Remote Duel Extravaganza participation card,21CC,1,2021-05-22
Yu-Gi-Oh! The Dark Side of Dimensions Blu-ray & DVD promotional card,MVPC,1,2017-05-29
Yu-Gi-Oh! The Dark Side of Dimensions Movie Pack,MVP1,57,2016-07-21
Yu-Gi-Oh! The Dark Side of Dimensions Movie Pack Secret Edition,MVP1,63,2020-01-23
Yu-Gi-Oh! The Dark Side of Dimensions Movie Pack Special Edition,MVP1,4,2018-09-07
Yu-Gi-Oh! The Dark Side of Dimensions Movie Pack: Gold Edition,MVP1,61,2017-01-12
Yu-Gi-Oh! The Dark Side of Dimensions Theater distribution cards,MVPC,1,2017-01-27
Yu-Gi-Oh! The Dawn of Destiny promotional cards,DOD,5,2004-03-23
Yu-Gi-Oh! The Duelists of the Roses promotional cards,DOR,6,2003-02-16
Yu-Gi-Oh! The Eternal Duelist Soul promotional cards,EDS,3,2002-10-15
Yu-Gi-Oh! The Falsebound Kingdom promotional cards,TFK,6,2003-11-04
Yu-Gi-Oh! The Sacred Cards promotional cards,TSC,6,2003-11-04
Yu-Gi-Oh! Trading Card Game Tour 2004 promotional card,EM1,1,2004-06-19
Yu-Gi-Oh! Ultimate Masters: World Championship Tournament 2006 promotional cards,WC6,3,2006-03-14
Yu-Gi-Oh! World Championship 2004 prize cards,WCS,3,2004-07-25
Yu-Gi-Oh! World Championship 2005 prize cards,WCS,2,2005-08-07
Yu-Gi-Oh! World Championship 2006 prize cards,WCPS,1,2006-07-02
Yu-Gi-Oh! World Championship 2007 prize cards,WCPS,3,2007-07-28
Yu-Gi-Oh! World Championship 2007 promotional cards,WC07,3,2007-03-20
Yu-Gi-Oh! World Championship 2008 promotional cards,WC08,3,2007-12-04
Yu-Gi-Oh! World Championship 2017 prize cards,2017,2,2017-08-13
Yu-Gi-Oh! World Championship 2018 prize cards,2018,2,2018-08-05
Yu-Gi-Oh! World Championship 2019 Japanese National Qualifiers prize cards,2019,2,2019-02-01
Yu-Gi-Oh! World Championship Qualifier National Championships 2011 prize cards,WQ11,3,2011-05-01
Yu-Gi-Oh! World Championship Tournament 2004 promotional cards,WC4,6,2004-02-10
Yu-Gi-Oh! Worldwide Edition: Stairway to the Destined Duel promotional cards,SDD,6,2003-04-15
Yu-Gi-Oh! ZEXAL Volume 1 promotional card,YZ01,1,2012-06-05
Yu-Gi-Oh! ZEXAL Volume 2 promotional card,YZ02,1,2012-12-04
Yu-Gi-Oh! ZEXAL Volume 3 promotional card,YZ03,1,2013-06-04
Yu-Gi-Oh! ZEXAL Volume 4 promotional card,YZ04,1,2014-01-07
Yu-Gi-Oh! ZEXAL Volume 5 promotional card,YZ05,1,2014-07-01
Yu-Gi-Oh! ZEXAL Volume 6 promotional card,YZ06,1,2015-02-03
Yu-Gi-Oh! ZEXAL Volume 7 promotional card,YZ07,1,2015-09-01
Yu-Gi-Oh! ZEXAL Volume 8 promotional card,YZ08,1,2016-03-01
Yu-Gi-Oh! ZEXAL Volume 9 promotional card,YZ09,1,2016-09-06
Yu-Gi-Oh! ZEXAL World Duel Carnival promotional cards,ZDC1,3,2014-06-26
Yugi & Kaiba Collector Box,YUCB,2,2018-03-29
Yugi's Collector Box,YUCB,1,2017-09-15
Yugi's Legendary Decks,YGLD,126,2015-11-12
Zexal Collection Tin,ZTIN,24,2013-03-07
Zombie World Structure Deck,SDZW,37,2008-10-21
